epoch,train loss,val loss,swa
0.0,28.483390094117176,29.104541374874763,n
19.0,9.445203043770032,11.728239599377119,y
39.0,6.5451827427579055,10.68413392167513,y
